Index;Value
0;-1,00046353481668
1;-0,989009917365374
2;-0,979465236155948
3;-0,966738994543381
4;-0,957830625414585
5;-0,945104383802017
6;-0,934287078431336
7;-0,922197148899397
8;-0,908198283125572
9;-0,899926226077404
10;-0,886563672384209
11;-0,876382679094155
12;-0,864292749562216
13;-0,854111756272162
14;-0,842021826740223
15;-0,831204521369541
16;-0,817841967676346
17;-0,80447941398315
18;-0,795571044854353
19;-0,780935866999901
20;-0,772027497871104
21;-0,759937568339165
22;-0,747847638807226
23;-0,738939269678429
24;-0,725576715985233
25;-0,710941538130781
26;-0,700124232760099
27;-0,687397991147532
28;-0,675944373696222
29;-0,663854444164283
30;-0,651764514632344
31;-0,640947209261662
32;-0,628220967649095
33;-0,618676286439669
34;-0,600859548182076
35;-0,590042242811393
36;-0,576679689118198
37;-0,566498695828144
38;-0,553772454215577
39;-0,54104621260301
40;-0,531501531393584
41;-0,517502665619761
42;-0,502867487765308
43;-0,49014124615274
44;-0,47868762870143
45;-0,467870323330748
46;-0,453871457556924
47;-0,44369046426687
48;-0,431600534734931
49;-0,419510605202992
50;-0,409329611912939
51;-0,392785497816602
52;-0,383240816607176
53;-0,367333014591467
54;-0,356515709220785
55;-0,345062091769475
56;-0,331063225995651
57;-0,321518544786225
58;-0,307519679012402
59;-0,295429749480463
60;-0,279521947464754
61;-0,267432017932815
62;-0,256614712562133
63;-0,242615846788309
64;-0,231798541417627
65;-0,217799675643803
66;-0,205709746111864
67;-0,192983504499297
68;-0,18025726288673
69;-0,166258397112906
70;-0,152259531339082
71;-0,142714850129657
72;-0,128079672275205
73;-0,114717118582009
74;-0,101990876969442
75;-0,0892646353568747
76;-0,0784473299861927
77;-0,0657210883736257
78;-0,0498132863579164
79;-0,0364507326647212
80;-0,0243608031327822
81;-0,0135434977621003
82;0,00236430425360901
83;0,0125452975436628
84;0,025907851236858
85;0,0392704049300541
86;0,0507240223813641
87;0,0659955123164453
88;0,0787217539290124
89;0,0914479955415795
90;0,102901612992889
91;0,115627854605457
92;0,130263032459909
93;0,140444025749963
94;0,155079203604415
95;0,168441757297611
96;0,18053168682955
97;0,19580317676463
98;0,205347857974055
99;0,218074099586623
100;0,232072965360446
101;0,244799206973013
102;0,255616512343696
103;0,266433817714378
104;0,286159492213857
105;0,297613109665168
106;0,307157790874593
107;0,317975096245275
108;0,331337649938471
109;0,345336515712295
110;0,355517509002349
111;0,367607438534287
112;0,380969992227483
113;0,395605170081935
114;0,407695099613874
115;0,420421341226441
116;0,431874958677751
117;0,445237512370947
118;0,456691129822257
119;0,470689995596081
120;0,481507300966763
121;0,492960918418073
122;0,51014134459504
123;0,520322337885093
124;0,533684891578289
125;0,545138509029599
126;0,55659212648091
127;0,569318368093477
128;0,582680921786673
129;0,59540716339924
130;0,605588156689294
131;0,620859646624374
132;0,632313264075684
133;0,643766881526995
134;0,657765747300819
135;0,668583052671501
136;0,68067298220344
137;0,694035535896635
138;0,702307592944804
139;0,716306458718628
140;0,731577948653708
141;0,743031566105019
142;0,754485183556329
143;0,766575113088268
144;0,778665042620207
145;0,788209723829632
146;0,801572277522828
147;0,811753270812881
148;0,826388448667334
149;0,837842066118644
150;0,849295683569955
151;0,86265823726315
152;0,871566606391947
153;0,883020223843258
154;0,897019089617081
155;0,907200082907135
156;0,919290012439074
157;0,931379941971013
158;0,943469871502952
159;0,954923488954262
160;0,964468170163688
161;0,977194411776255
162;0,987375405066309
163;1,0007379587595
164;1,00837370372704
165;1,01791838493647
166;1,03255356279092
167;1,04209824400035
168;1,05355186145166
169;1,06436916682234
170;1,07582278427365
171;1,08727640172496
172;1,09618477085376
173;1,10700207622444
174;1,11845569367575
175;1,13181824736895
176;1,14263555273963
177;1,15345285811031
178;1,16427016348099
179;1,17381484469042
180;1,18399583798047
181;1,19544945543178
182;1,20372151247995
183;1,21453881785063
184;1,22790137154383
185;1,23680974067263
186;1,24762704604331
187;1,25717172725273
188;1,26735272054279
189;1,27753371383284
190;1,28707839504227
191;1,29789570041295
192;1,30680406954174
193;1,32080293531557
194;1,32843868028311
195;1,33798336149253
196;1,3507096031051
197;1,35834534807264
198;1,3685263413627
199;1,37807102257212
200;1,38761570378155
201;1,39716038499097
202;1,40734137828102
203;1,41943130781296
204;1,42643074069988
205;1,43661173398993
206;1,44552010311873
207;1,45315584808627
208;1,46333684137632
209;1,47033627426323
210;1,4830625158758
211;1,4919708850046
212;1,49960662997214
213;1,50915131118156
214;1,5167870561491
215;1,5256954252779
216;1,53396748232607
217;1,54542109977738
218;1,55242053266429
219;1,56323783803497
220;1,57087358300251
221;1,57469145548628
222;1,58487244877634
223;1,59250819374388
224;1,6020528749533
225;1,60968861992084
226;1,6154154286465
227;1,62496010985592
228;1,63450479106535
229;1,64214053603289
230;1,65104890516169
231;1,65613940180671
232;1,66632039509677
233;1,67331982798368
234;1,67968294878996
235;1,68795500583813
236;1,69431812664441
237;1,70449911993447
238;1,71149855282138
239;1,71722536154704
240;1,72486110651458
241;1,73122422732086
242;1,73949628436903
243;1,74458678101406
244;1,75349515014285
245;1,75922195886851
246;1,76813032799731
247;1,77322082464233
248;1,78085656960987
249;1,78976493873867
250;1,79294649914181
251;1,80121855618998
252;1,80630905283501
253;1,81203586156066
254;1,81903529444757
255;1,82476210317323
256;1,83048891189888
257;1,83939728102768
258;1,84385146559208
259;1,85085089847899
260;1,85594139512402
261;1,86103189176904
262;1,86612238841407
263;1,87312182130098
264;1,8801212541879
265;1,88457543875229
266;1,88839331123606
267;1,8960290562036
268;1,89984692868738
269;1,90557373741303
270;1,91002792197743
271;1,91448210654183
272;1,92148153942874
273;1,92529941191251
274;1,93166253271879
275;1,93675302936382
276;1,94120721392822
277;1,94438877433136
278;1,94947927097639
279;1,9520245192989
280;1,95584239178267
281;1,96156920050833
282;1,96602338507272
283;1,96984125755649
284;1,97302281795964
285;1,97874962668529
286;1,98193118708843
287;1,98447643541095
288;1,98956693205597
289;1,99211218037849
290;1,99783898910414
291;2,00038423742666
292;2,00292948574917
293;2,0080199823942
294;2,00992891863608
295;2,01311047903922
296;2,01756466360362
297;2,01947359984551
298;2,02329147232928
299;2,02647303273242
300;2,02901828105493
301;2,03347246561933
302;2,03347246561933
303;2,03792665018373
304;2,04047189850624
305;2,0417445226675
306;2,04365345890938
307;2,04556239515127
308;2,04874395555441
309;2,04938026763504
310;2,05319814011881
311;2,05447076428007
312;2,05574338844132
313;2,06019757300572
314;2,06083388508635
315;2,06210650924761
316;2,06465175757012
317;2,06465175757012
318;2,06719700589263
319;2,06783331797326
320;2,06783331797326
321;2,07037856629578
322;2,06910594213452
323;2,07292381461829
324;2,07228750253766
325;2,0754690629408
326;2,07483275086017
327;2,07419643877954
328;2,07610537502143
329;2,07737799918269
330;2,07737799918269
331;2,07483275086017
332;2,07801431126332
333;2,07865062334394
334;2,07737799918269
335;2,07801431126332
336;2,07674168710206
337;2,07737799918269
338;2,07737799918269
339;2,07674168710206
340;2,07801431126332
341;2,07610537502143
342;2,07610537502143
343;2,07419643877954
344;2,07356012669892
345;2,07419643877954
346;2,07165119045703
347;2,07419643877954
348;2,07228750253766
349;2,06974225421515
350;2,06783331797326
351;2,06719700589263
352;2,06719700589263
353;2,06401544548949
354;2,06401544548949
355;2,06019757300572
356;2,06019757300572
357;2,05828863676384
358;2,05637970052195
359;2,05447076428007
360;2,05319814011881
361;2,05192551595755
362;2,04810764347378
363;2,04810764347378
364;2,04428977099001
365;2,0417445226675
366;2,03919927434499
367;2,03538140186122
368;2,03538140186122
369;2,03029090521619
370;2,02965459313556
371;2,02520040857116
372;2,02265516024865
373;2,02010991192613
374;2,01629203944236
375;2,01311047903922
376;2,00992891863608
377;2,0080199823942
378;2,0035657978298
379;2,00038423742666
380;1,99656636494289
381;1,99274849245912
382;1,99147586829786
383;1,9857490595722
384;1,98320381124969
385;1,97747700252403
386;1,97365913004026
387;1,96920494547587
388;1,96475076091147
389;1,96029657634707
390;1,9564787038633
391;1,95393345554079
392;1,94693402265387
393;1,9431161501701
394;1,94057090184759
395;1,93548040520256
396;1,93038990855754
397;1,92339047567062
398;1,92148153942874
399;1,91575473070308
400;1,91002792197743
401;1,9049374253324
402;1,900483240768
403;1,89666536828423
404;1,88839331123606
405;1,88393912667167
406;1,87757600586538
407;1,87248550922036
408;1,8667587004947
409;1,86103189176904
410;1,85594139512402
411;1,85021458639836
412;1,84448777767271
413;1,83876096894705
414;1,83048891189888
415;1,82348947901197
416;1,81839898236695
417;1,81203586156066
418;1,80885430115752
419;1,79930961994809
420;1,7948554353837
421;1,78785600249678
422;1,78085656960987
423;1,7725845125617
424;1,76749401591668
425;1,75858564678788
426;1,75158621390097
427;1,74585940517531
428;1,7388599722884
429;1,73249685148212
430;1,72486110651458
431;1,71722536154704
432;1,7095896165795
433;1,70259018369258
434;1,69431812664441
435;1,6873186937575
436;1,68095557295122
437;1,67204720382242
438;1,66568408301614
439;1,6580483380486
440;1,64850365683917
441;1,63895897562975
442;1,63323216690409
443;1,62368748569467
444;1,61859698904964
445;1,60968861992084
446;1,60078025079205
447;1,59187188166325
448;1,58423613669571
449;1,5727825192444
450;1,56514677427686
451;1,56069258971246
452;1,55051159642241
453;1,54478478769675
454;1,5346037944067
455;1,5256954252779
456;1,51805968031036
457;1,50787868702031
458;1,49769769373025
459;1,48815301252083
460;1,48115357963392
461;1,47033627426323
462;1,46206421721506
463;1,45315584808627
464;1,44424747895747
465;1,43661173398993
466;1,42579442861925
467;1,41497712324857
468;1,40352350579726
469;1,39652407291034
470;1,38761570378155
471;1,37807102257212
472;1,36789002928207
473;1,35898166015327
474;1,34943697894384
475;1,33671073733128
476;1,32780236820248
477;1,31762137491243
478;1,30934931786426
479;1,29598676417106
480;1,28835101920352
481;1,27753371383284
482;1,2698979688653
483;1,25526279101085
484;1,24508179772079
485;1,23426449235011
486;1,22471981114069
487;1,21453881785063
488;1,20499413664121
489;1,1935405191899
490;1,18335952589984
491;1,17381484469042
492;1,16236122723911
493;1,15154392186843
494;1,13881768025586
495;1,12990931112706
496;1,11718306951449
497;1,10891101246632
498;1,09618477085376
499;1,08536746548308
500;1,07455016011239
501;1,0656417909836
502;1,05037030104852
503;1,04273455608098
504;1,02873569030715
505;1,01982732117835
506;1,00710107956579
507;0,998192710436991
508;0,985466468824423
509;0,977830723856883
510;0,964468170163688
511;0,953014552712377
512;0,941560935261067
513;0,9288346936485
514;0,919290012439074
515;0,90529114666525
516;0,895746465455825
517;0,882383911762629
518;0,872839230553204
519;0,862021925182522
520;0,846750435247441
521;0,835296817796131
522;0,824479512425449
523;0,81238958289351
524;0,800935965442199
525;0,78884603591026
526;0,77739241845895
527;0,766575113088268
528;0,750667311072559
529;0,739850005701877
530;0,72712376408931
531;0,715033834557371
532;0,704852841267317
533;0,691490287574122
534;0,681309294284068
535;0,668583052671501
536;0,658402059381447
537;0,639312696962596
538;0,629131703672543
539;0,617041774140604
540;0,605588156689294
541;0,594134539237983
542;0,582044609706044
543;0,571227304335362
544;0,557228438561538
545;0,546411133190856
546;0,530503331175146
547;0,517777089562579
548;0,505050847950012
549;0,493597230498702
550;0,483416237208648
551;0,468144747273568
552;0,45923637814477
553;0,44396488820969
554;0,432511270758379
555;0,417876092903927
556;0,40514985129136
557;0,392423609678793
558;0,380333680146854
559;0,368243750614916
560;0,356153821082977
561;0,34342757947041
562;0,330065025777214
563;0,318611408325904
564;0,301430982148938
565;0,291249988858884
566;0,277887435165688
567;0,267706441875634
568;0,256889136504952
569;0,242890270731128
570;0,231436653279818
571;0,218710411667251
572;0,20725679421594
573;0,190712680119603
574;0,177350126426408
575;0,165896508975097
576;0,154442891523787
577;0,141080337830592
578;0,129626720379281
579;0,116900478766714
580;0,102901612992889
581;0,0914479955415795
582;0,074267569364614
583;0,0634502639939312
584;0,0494513982201079
585;0,0386340928494251
586;0,0271804753981151
587;0,0119089854630348
588;-0,000180944068904232
589;-0,0122708736008432
590;-0,0281786756165525
591;-0,0389959809872344
592;-0,0536311588416867
593;-0,0638121521317405
594;-0,0771747058249357
595;-0,0905372595181317
596;-0,10262718905007
597;-0,117262366904522
598;-0,126807048113948
599;-0,14526009845217
600;-0,155441091742224
601;-0,168803645435419
602;-0,18025726288673
603;-0,192983504499297
604;-0,205709746111864
605;-0,217163363563174
606;-0,230525917256371
607;-0,242615846788309
608;-0,260432585045903
609;-0,269977266255329
610;-0,283976132029152
611;-0,295429749480463
612;-0,30815599109303
613;-0,320245920624969
614;-0,332335850156908
615;-0,345698403850103
616;-0,355879397140157
617;-0,371787199155866
618;-0,38578606492969
619;-0,397875994461629
620;-0,409329611912939
621;-0,42078322936425
622;-0,434782095138074
623;-0,444326776347499
624;-0,453871457556924
625;-0,467234011250119
626;-0,482505501185201
627;-0,495231742797768
628;-0,50604904816845
629;-0,518775289781017
630;-0,529592595151699
631;-0,539773588441752
632;-0,555045078376834
633;-0,565862383747516
634;-0,579224937440711
635;-0,590678554892022
636;-0,60658635690773
637;-0,617403662278412
638;-0,628857279729723
639;-0,639674585100405
640;-0,651764514632344
641;-0,665127068325539
642;-0,675308061615593
643;-0,69185217571193
644;-0,701396856921356
645;-0,713486786453295
646;-0,725576715985233
647;-0,736394021355916
648;-0,748483950887854
649;-0,759301256258537
650;-0,770754873709847
651;-0,783481115322414
652;-0,797479981096238
653;-0,810842534789433
654;-0,819114591837602
655;-0,831840833450169
656;-0,842021826740223
657;-0,854111756272162
658;-0,864292749562216
659;-0,87447374285227
660;-0,886563672384209
661;-0,901198850238661
662;-0,913288779770599
663;-0,925378709302538
664;-0,934287078431336
665;-0,947013320043903
666;-0,957194313333956
667;-0,967375306624009
668;-0,97882892407532
669;-0,99028254152663
670;-1,00428140730045
671;-1,01255346434862
672;-1,02337076971931
673;-1,0367333234125
674;-1,04309644421878
675;-1,05709530999261
676;-1,06663999120203
677;-1,07745729657272
678;-1,08700197778214
679;-1,09972821939471
680;-1,11245446100728
681;-1,12136283013607
682;-1,12899857510361
683;-1,13854325631304
684;-1,14936056168372
685;-1,15890524289315
686;-1,1690862361832
687;-1,17990354155388
688;-1,19262978316645
689;-1,20090184021462
690;-1,21235545766593
691;-1,22126382679473
692;-1,23080850800415
693;-1,24226212545546
694;-1,25117049458426
695;-1,26007886371305
696;-1,27471404156751
697;-1,28171347445442
698;-1,29125815566384
699;-1,30334808519578
700;-1,30907489392144
701;-1,32116482345338
702;-1,32816425634029
703;-1,3396178737916
704;-1,34916255500102
705;-1,35870723621045
706;-1,36825191741988
707;-1,37652397446804
708;-1,38734127983873
709;-1,39434071272564
710;-1,40579433017695
711;-1,41215745098323
712;-1,42233844427329
713;-1,43061050132146
714;-1,44142780669214
715;-1,44969986374031
716;-1,45669929662722
717;-1,46878922615916
718;-1,47515234696544
719;-1,48406071609424
720;-1,49296908522303
721;-1,49996851810995
722;-1,50951319931937
723;-1,51714894428691
724;-1,52732993757697
725;-1,53496568254451
726;-1,54260142751205
727;-1,55087348456021
728;-1,5572366053665
729;-1,56741759865655
730;-1,57314440738221
731;-1,58078015234975
732;-1,5909611456398
733;-1,59923320268797
734;-1,60623263557488
735;-1,61259575638117
736;-1,62150412550996
737;-1,62659462215499
738;-1,63423036712253
739;-1,63932086376756
740;-1,6469566087351
741;-1,65586497786389
742;-1,66159178658955
743;-1,66986384363772
744;-1,67749958860526
745;-1,68322639733091
746;-1,69213476645971
747;-1,69722526310474
748;-1,70358838391102
749;-1,71122412887856
750;-1,71631462552359
751;-1,72585930673301
752;-1,72967717921678
753;-1,73794923626495
754;-1,74303973290998
755;-1,74876654163563
756;-1,75512966244192
757;-1,76022015908694
758;-1,76721959197386
759;-1,77421902486077
760;-1,7793095215058
761;-1,78630895439271
762;-1,79012682687648
763;-1,79776257184402
764;-1,80221675640842
765;-1,80730725305344
766;-1,81239774969847
767;-1,81685193426287
768;-1,82576030339167
769;-1,82766923963355
770;-1,83403236043983
771;-1,83975916916549
772;-1,84484966581052
773;-1,84994016245554
774;-1,85184909869743
775;-1,85821221950371
776;-1,86393902822937
777;-1,87030214903565
778;-1,87284739735816
779;-1,87602895776131
780;-1,88175576648696
781;-1,88557363897073
782;-1,8893915114545
783;-1,8938456960189
784;-1,89639094434141
785;-1,90402668930895
786;-1,90466300138958
787;-1,90975349803461
788;-1,91420768259901
789;-1,91675293092152
790;-1,92120711548592
791;-1,92438867588906
792;-1,93011548461472
793;-1,93011548461472
794;-1,93520598125974
795;-1,93838754166289
796;-1,9409327899854
797;-1,94284172622728
798;-1,9453869745498
799;-1,94856853495294
800;-1,95111378327545
801;-1,95493165575922
802;-1,95938584032362
803;-1,95938584032362
804;-1,96447633696865
805;-1,96511264904928
806;-1,96829420945242
807;-1,97211208193619
808;-1,97147576985556
809;-1,97402101817807
810;-1,97720257858122
811;-1,97847520274247
812;-1,98102045106499
813;-1,98165676314561
814;-1,98611094771001
815;-1,98611094771001
816;-1,98865619603253
817;-1,9880198839519
818;-1,98929250811315
819;-1,9924740685163
820;-1,99311038059692
821;-1,99501931683881
822;-1,99565562891944
823;-1,99629194100007
824;-1,99565562891944
825;-1,99883718932258
826;-1,99883718932258
827;-1,99883718932258
828;-2,00010981348384
829;-1,99883718932258
830;-2,00074612556446
831;-2,00074612556446
832;-2,00329137388698
833;-2,00074612556446
834;-2,00138243764509
835;-2,00329137388698
836;-2,00138243764509
837;-2,00138243764509
838;-2,00074612556446
839;-2,00074612556446
840;-2,00138243764509
841;-1,99883718932258
842;-2,00010981348384
843;-1,99883718932258
844;-1,99756456516132
845;-1,99820087724195
846;-1,99565562891944
847;-1,99438300475818
848;-1,99374669267755
849;-1,99438300475818
850;-1,99311038059692
851;-1,99120144435504
852;-1,99120144435504
853;-1,98929250811315
854;-1,98738357187127
855;-1,98611094771001
856;-1,9835656993875
857;-1,9835656993875
858;-1,98038413898436
859;-1,97720257858122
860;-1,97656626650059
861;-1,97338470609745
862;-1,97274839401682
863;-1,97083945777493
864;-1,96829420945242
865;-1,96702158529116
866;-1,96256740072676
867;-1,96256740072676
868;-1,95874952824299
869;-1,95493165575922
870;-1,95302271951734
871;-1,94856853495294
872;-1,94856853495294
873;-1,94347803830791
874;-1,94029647790477
875;-1,93838754166289
876;-1,93393335709849
877;-1,9320244208566
878;-1,92820654837283
879;-1,92438867588906
880;-1,92184342756655
881;-1,91675293092152
882;-1,91293505843775
883;-1,91038981011524
884;-1,90466300138958
885;-1,90211775306707
886;-1,89766356850267
887;-1,89193675977701
888;-1,89066413561576
889;-1,88366470272885
890;-1,88175576648696
891;-1,87539264568068
892;-1,87221108527754
893;-1,86712058863251
894;-1,86203009198748
895;-1,85884853158434
896;-1,85312172285869
897;-1,84803122621366
898;-1,84548597789114
899;-1,83848654500423
900;-1,83339604835921
901;-1,82766923963355
902;-1,82257874298852
903;-1,82003349466601
904;-1,81048881345659
905;-1,80730725305344
906;-1,80158044432779
907;-1,79458101144088
908;-1,79012682687648
909;-1,78376370607019
910;-1,77867320942517
911;-1,77294640069951
912;-1,76721959197386
913;-1,76212909532883
914;-1,75831122284506
915;-1,75067547787752
916;-1,74494866915186
917;-1,7366766121037
918;-1,72967717921678
919;-1,72395037049113
920;-1,71631462552359
921;-1,71186044095919
922;-1,70358838391102
923;-1,69849788726599
924;-1,69277107854034
925;-1,68577164565343
926;-1,67877221276652
927;-1,66859121947646
928;-1,66286441075081
929;-1,65522866578327
930;-1,64950185705761
931;-1,64313873625133
932;-1,63423036712253
933;-1,62723093423562
934;-1,61959518926808
935;-1,61132313221991
936;-1,60496001141363
937;-1,59605164228483
938;-1,5909611456398
939;-1,58078015234975
940;-1,57378071946284
941;-1,56741759865655
942;-1,55787291744713
943;-1,55150979664084
944;-1,54069249127016
945;-1,53242043422199
946;-1,52605731341571
947;-1,51587632012565
948;-1,50760426307749
949;-1,5012411422712
950;-1,49233277314241
951;-1,48469702817487
952;-1,47387972280418
953;-1,46433504159476
954;-1,45606298454659
955;-1,44651830333716
956;-1,44079149461151
957;-1,43124681340208
958;-1,42233844427329
959;-1,41279376306386
960;-1,40388539393506
961;-1,39497702480627
962;-1,38479603151621
963;-1,37525135030679
964;-1,36697929325862
965;-1,35552567580731
966;-1,34979886708165
967;-1,3396178737916
968;-1,32752794425966
969;-1,32116482345338
970;-1,30907489392144
971;-1,30207546103453
972;-1,29125815566384
973;-1,28298609861568
974;-1,27471404156751
975;-1,26262411203557
976;-1,25307943082614
977;-1,24417106169735
978;-1,23399006840729
979;-1,22253645095598
980;-1,2117191455853
981;-1,20153815229525
982;-1,19262978316645
983;-1,18181247779577
984;-1,1735404207476
985;-1,16208680329629
986;-1,15254212208686
987;-1,14108850463555
988;-1,12836226302298
989;-1,11881758181356
990;-1,10800027644288
991;-1,0971829710722
992;-1,08891091402403
993;-1,0749120482502
994;-1,06663999120203
995;-1,05645899791198
996;-1,04500538046067
997;-1,0322791388481
998;-1,02146183347742
999;-1,01064452810674
1000;-0,999827222736056
1001;-0,989646229446002
1002;-0,979465236155948
1003;-0,966738994543381
1004;-0,957830625414585
1005;-0,945740695882646
1006;-0,931741830108821
1007;-0,922197148899397
1008;-0,9088345952062
1009;-0,898653601916147
1010;-0,886563672384209
1011;-0,87447374285227
1012;-0,865565373723473
1013;-0,854111756272162
1014;-0,84329445090148
1015;-0,828659273047028
1016;-0,815296719353832
1017;-0,807660974386292
1018;-0,794298420693096
1019;-0,784117427403042
1020;-0,772663809951732
1021;-0,759301256258537
1022;-0,749120262968483
1023;-0,733212460952774
1024;-0,721122531420835
1025;-0,712214162292038
1026;-0,699487920679471
1027;-0,689943239470045
1028;-0,678489622018735
1029;-0,667036004567424
1030;-0,65685501127737
1031;-0,642219833422918
1032;-0,628220967649095
1033;-0,614858413955899
1034;-0,604677420665845
1035;-0,593223803214535
1036;-0,579861249521339
1037;-0,569043944150657
1038;-0,555681390457462
1039;-0,545500397167408
1040;-0,533410467635469
1041;-0,518775289781017
1042;-0,507321672329707
1043;-0,49459543071714
1044;-0,480596564943315
1045;-0,470415571653262
1046;-0,457689330040695
1047;-0,44369046426687
1048;-0,434145783057446
1049;-0,420146917283621
1050;-0,406148051509797
1051;-0,39342180989723
1052;-0,380059256204035
1053;-0,371150887075237
1054;-0,356515709220785
1055;-0,343789467608218
1056;-0,332972162237536
1057;-0,318336984383084
1058;-0,306247054851145
1059;-0,290339252835436
1060;-0,281430883706639
1061;-0,267432017932815
1062;-0,254705776320248
1063;-0,243888470949566
1064;-0,227980668933857
1065;-0,217799675643803
1066;-0,205709746111864
1067;-0,19171088033804
1068;-0,178984638725473
1069;-0,164349460871021
1070;-0,153532155500339
1071;-0,140805913887772
1072;-0,128079672275205
1073;-0,115989742743266
1074;-0,101990876969442
1075;-0,0899009474375028
1076;-0,0746294575024224
1077;-0,0612669038092273
1078;-0,0510859105191734
1079;-0,0377233568259774
1080;-0,0237244910521541
1081;-0,0141798098427284
1082;0,00236430425360901
1083;0,0125452975436628
1084;0,0246352270756018
1085;0,037997780768797
1086;0,0494513982201079
1087;0,0634502639939312
1088;0,0755401935258702
1089;0,0882664351384372
1090;0,101628988831633
1091;0,112446294202315
1092;0,12580884789551
1093;0,137898777427449
1094;0,151897643201274
1095;0,166532821055726
1096;0,177986438507036
1097;0,191348992200232
1098;0,202802609651542
1099;0,215528851264109
1100;0,230164029118561
1101;0,240345022408615
1102;0,253707576101811
1103;0,269615378117519
1104;0,277887435165688
1105;0,293795237181397
1106;0,307157790874593
1107;0,317338784164646
1108;0,332610274099728
1109;0,344063891551038
1110;0,356153821082977
1111;0,368243750614916
1112;0,382242616388739
1113;0,395605170081935
1114;0,408331411694502
1115;0,419785029145812
1116;0,431874958677751
1117;0,44396488820969
1118;0,457963753983514
1119;0,468144747273568
1120;0,48277992512802
1121;0,496778790901844
1122;0,507596096272526
1123;0,52159496204635
1124;0,533684891578289
1125;0,545138509029599
1126;0,557228438561538
1127;0,569318368093477
1128;0,581408297625416
1129;0,59540716339924
1130;0,608769717092435
1131;0,620859646624374
1132;0,631040639914428
1133;0,645039505688251
1134;0,655856811058934
1135;0,668583052671501
1136;0,681309294284068
1137;0,691490287574122
1138;0,709307025831715
1139;0,719488019121769
1140;0,73094163657308
1141;0,741758941943762
1142;0,753212559395072
1143;0,764666176846383
1144;0,774847170136437
1145;0,786937099668376
1146;0,797754405039058
1147;0,81238958289351
1148;0,824479512425449
1149;0,835933129876759
1150;0,84738674732807
1151;0,859476676860008
1152;0,869657670150062
1153;0,883020223843258
1154;0,893201217133312
1155;0,905927458745879
1156;0,918017388277817
1157;0,9288346936485
1158;0,940924623180438
1159;0,951105616470492
1160;0,964468170163688
1161;0,972103915131227
1162;0,98673909298568
1163;0,996283774195105
1164;1,00773739164642
1165;1,02109994533961
1166;1,03255356279092
1167;1,04464349232286
1168;1,05355186145166
1169;1,06500547890297
1170;1,07836803259616
1171;1,08536746548308
1172;1,09682108293439
1173;1,10763838830507
1174;1,12100094199826
1175;1,13118193528832
1176;1,14136292857837
1177;1,15345285811031
1178;1,16236122723911
1179;1,17381484469042
1180;1,18399583798047
1181;1,1935405191899
1182;1,20817569704435
1183;1,21772037825377
1184;1,22790137154383
1185;1,23808236483388
1186;1,24699073396268
1187;1,25780803933336
1188;1,26735272054279
1189;1,27753371383284
1190;1,28835101920352
1191;1,29980463665483
1192;1,31189456618677
1193;1,31953031115431
1194;1,32971130444437
1195;1,33989229773442
1196;1,34816435478259
1197;1,3596179722339
1198;1,36725371720144
1199;1,37616208633024
1200;1,3888883279428
1201;1,39652407291034
1202;1,40606875411977
1203;1,41306818700668
1204;1,42515811653862
1205;1,43215754942553
1206;1,44233854271558
1207;1,45251953600564
1208;1,45888265681192
1209;1,47224521050512
1210;1,4786083313114
1211;1,48942563668208
1212;1,49769769373025
1213;1,50724237493968
1214;1,51551443198785
1215;1,52378648903601
1216;1,53333117024544
1217;1,54033060313235
1218;1,55178422058366
1219;1,56005627763183
1220;1,56705571051874
1221;1,57787301588943
1222;1,58550876085697
1223;1,59250819374388
1224;1,60078025079205
1225;1,60841599575959
1226;1,61668805280776
1227;1,62686904609781
1228;1,63386847898472
1229;1,64341316019415
1230;1,65041259308106
1231;1,65868465012923
1232;1,6669567071774
1233;1,67395614006431
1234;1,68159188503185
1235;1,6873186937575
1236;1,69749968704756
1237;1,70259018369258
1238;1,71277117698264
1239;1,71722536154704
1240;1,72486110651458
1241;1,73249685148212
1242;1,74013259644966
1243;1,74649571725594
1244;1,75285883806222
1245;1,76113089511039
1246;1,76749401591668
1247;1,77576607296484
1248;1,7814928816905
1249;1,78849231457741
1250;1,79358281122244
1251;1,80121855618998
1252;1,80630905283501
1253;1,81458110988318
1254;1,82030791860883
1255;1,8241257910926
1256;1,8330341602214
1257;1,83876096894705
1258;1,84194252935019
1259;1,84894196223711
1260;1,85466877096276
1261;1,86039557968842
1262;1,86739501257533
1263;1,87312182130098
1264;1,87821231794601
1265;1,88266650251041
1266;1,88839331123606
1267;1,89348380788109
1268;1,89921061660675
1269;1,90366480117115
1270;1,90811898573554
1271;1,91639104278371
1272;1,92084522734811
1273;1,92593572399314
1274;1,93102622063816
1275;1,93484409312194
1276;1,93929827768633
1277;1,94247983808947
1278;1,94693402265387
1279;1,9520245192989
1280;1,95775132802456
1281;1,96347813675021
1282;1,9653870729921
1283;1,96920494547587
1284;1,97365913004026
1285;1,97747700252403
1286;1,98256749916906
1287;1,98447643541095
1288;1,9902032441366
1289;1,99274849245912
1290;1,99720267702351
1291;2,00102054950728
1292;2,00420210991043
1293;2,0080199823942
1294;2,00992891863608
1295;2,01247416695859
1296;2,01756466360362
1297;2,02074622400676
1298;2,02329147232928
1299;2,02520040857116
1300;2,03029090521619
1301;2,03219984145807
1302;2,03347246561933
1303;2,03792665018373
1304;2,04047189850624
1305;2,04301714682876
1306;2,04301714682876
1307;2,0461987072319
1308;2,04683501931253
1309;2,04874395555441
1310;2,05383445219944
1311;2,05319814011881
1312;2,05637970052195
1313;2,05828863676384
1314;2,06019757300572
1315;2,06147019716698
1316;2,06401544548949
1317;2,06592438173138
1318;2,06592438173138
1319;2,06719700589263
1320;2,06846963005389
1321;2,06910594213452
1322;2,0710148783764
1323;2,0710148783764
1324;2,07419643877954
1325;2,07419643877954
1326;2,07483275086017
1327;2,07610537502143
1328;2,07483275086017
1329;2,07801431126332
1330;2,07737799918269
1331;2,07674168710206
1332;2,07674168710206
1333;2,07674168710206
1334;2,07737799918269
1335;2,07737799918269
1336;2,07737799918269
1337;2,07865062334394
1338;2,07610537502143
1339;2,07674168710206
1340;2,07674168710206
1341;2,0754690629408
1342;2,07610537502143
1343;2,07419643877954
1344;2,0754690629408
1345;2,07419643877954
1346;2,07228750253766
1347;2,07292381461829
1348;2,0710148783764
1349;2,07037856629578
1350;2,06910594213452
1351;2,06656069381201
1352;2,06592438173138
1353;2,06337913340886
1354;2,06274282132823
1355;2,06337913340886
1356;2,05892494884446
1357;2,05637970052195
1358;2,05637970052195
1359;2,05383445219944
1360;2,05256182803818
1361;2,04938026763504
1362;2,04874395555441
1363;2,04683501931253
1364;2,04428977099001
1365;2,0417445226675
1366;2,03919927434499
1367;2,03792665018373
1368;2,03474508978059
1369;2,03029090521619
1370;2,02901828105493
1371;2,02456409649053
1372;2,02329147232928
1373;2,02010991192613
1374;2,01692835152299
1375;2,01565572736174
1376;2,01056523071671
1377;2,0080199823942
1378;2,00483842199105
1379;1,9991116132654
1380;1,99720267702351
1381;1,99338480453974
1382;1,99083955621723
1383;1,98638537165283
1384;1,98320381124969
1385;1,97684069044341
1386;1,97493175420152
1387;1,96920494547587
1388;1,96475076091147
1389;1,96284182466958
1390;1,95711501594393
1391;1,95266083137953
1392;1,94947927097639
1393;1,94438877433136
1394;1,94057090184759
1395;1,93420778104131
1396;1,92911728439628
1397;1,92402678775125
1398;1,91957260318685
1399;1,91575473070308
1400;1,90811898573554
1401;1,90557373741303
1402;1,89984692868738
1403;1,89412011996172
1404;1,88902962331669
1405;1,88330281459104
1406;1,87884863002664
1407;1,86994026089784
1408;1,86803132465596
1409;1,86039557968842
1410;1,85594139512402
1411;1,85021458639836
1412;1,84194252935019
1413;1,83812465686642
1414;1,82985259981826
1415;1,82476210317323
1416;1,81903529444757
1417;1,81203586156066
1418;1,80821798907689
1419;1,79867330786747
1420;1,79421912330307
1421;1,7859470662549
1422;1,77894763336799
1423;1,77322082464233
1424;1,76494876759416
1425;1,76113089511039
1426;1,7522225259816
1427;1,74649571725594
1428;1,74076890853028
1429;1,73186053940149
1430;1,72677004275646
1431;1,71531642530515
1432;1,71022592866012
1433;1,70449911993447
1434;1,6962270628863
1435;1,69050025416064
1436;1,68095557295122
1437;1,67459245214494
1438;1,6669567071774
1439;1,65741202596797
1440;1,65104890516169
1441;1,64277684811352
1442;1,63386847898472
1443;1,62623273401718
1444;1,61923330113027
1445;1,61287018032399
1446;1,60141656287268
1447;1,59505344206639
1448;1,58487244877634
1449;1,57660039172817
1450;1,56832833468
1451;1,55814734138995
1452;1,55305684474492
1453;1,54287585145487
1454;1,5346037944067
1455;1,52696804943916
1456;1,51424180782659
1457;1,50787868702031
1458;1,49833400581088
1459;1,48878932460145
1460;1,48115357963392
1461;1,4696999621826
1462;1,46397315345695
1463;1,45251953600564
1464;1,44424747895747
1465;1,43470279774805
1466;1,42324918029673
1467;1,41624974740982
1468;1,40415981787788
1469;1,3977966970716
1470;1,38570676753966
1471;1,37679839841086
1472;1,36789002928207
1473;1,35834534807264
1474;1,34689173062133
1475;1,33480180108939
1476;1,32843868028311
1477;1,31762137491243
1478;1,30744038162237
1479;1,29789570041295
1480;1,28707839504227
1481;1,2788063379941
1482;1,26671640846216
1483;1,25526279101085
1484;1,24635442188205
1485;1,23553711651137
1486;1,22662874738257
1487;1,21453881785063
1488;1,20817569704435
1489;1,19608576751241
1490;1,18781371046424
1491;1,17699640509356
1492;1,16299753931974
1493;1,15154392186843
1494;1,14327186482026
1495;1,13245455944957
1496;1,12227356615952
1497;1,10891101246632
1498;1,0993663312569
1499;1,0904579621281
1500;1,07900434467679
1501;1,0656417909836
1502;1,05291554937103
1503;1,04273455608098
1504;1,03128093862967
1505;1,02046363325898
1506;1,01028263996893
1507;0,998192710436991
1508;0,989284341308194
1509;0,973376539292484
1510;0,961922921841174
1511;0,951105616470492
1512;0,94028831109981
1513;0,930107317809756
1514;0,917381076197189
1515;0,907836394987764
1516;0,896382777536453
1517;0,882383911762629
1518;0,871566606391947
1519;0,858204052698752
1520;0,846750435247441
1521;0,836569441957387
1522;0,824479512425449
1523;0,813025894974138
1524;0,801572277522828
1525;0,787573411749004
1526;0,77739241845895
1527;0,762757240604498
1528;0,750030998991931
1529;0,739850005701877
1530;0,727760076169938
1531;0,716942770799256
1532;0,705489153347945
1533;0,69212659965475
1534;0,68067298220344
1535;0,669219364752129
1536;0,65331156273642
1537;0,64185794528511
1538;0,629131703672543
1539;0,618314398301861
1540;0,605588156689294
1541;0,592861915076726
1542;0,582044609706044
1543;0,571227304335362
1544;0,557228438561538
1545;0,542593260707085
1546;0,533684891578289
1547;0,520958649965722
1548;0,508868720433783
1549;0,497415102982472
1550;0,484052549289276
1551;0,472598931837966
1552;0,459872690225399
1553;0,44778276069346
1554;0,432511270758379
1555;0,419785029145812
1556;0,408331411694502
1557;0,396877794243191
1558;0,381606304308111
1559;0,370788998937429
1560;0,35869906940549
1561;0,346609139873551
1562;0,331337649938471
1563;0,319247720406532
1564;0,305248854632707
1565;0,293795237181397
1566;0,279796371407573
1567;0,268979066036891
1568;0,255616512343696
1569;0,244162894892385
1570;0,232709277441075
1571;0,215528851264109
1572;0,204711545893427
1573;0,19198530428086
1574;0,177350126426408
1575;0,165896508975097
1576;0,153806579443159
1577;0,141080337830592
1578;0,129626720379281
1579;0,116264166686086
1580;0,0997200525897481
1581;0,0882664351384372
1582;0,073631257283985
1583;0,0647228881551882
1584;0,0507240223813641
1585;0,0373614686881689
1586;0,026544163317487
1587;0,0119089854630348
1588;0,00109168009235194
1589;-0,0148161219233565
1590;-0,0275423635359235
1591;-0,0396322930678625
1592;-0,0542674709223148
1593;-0,0650847762929967
1594;-0,0784473299861927
1595;-0,0905372595181317
1596;-0,101990876969442
1597;-0,114717118582009
1598;-0,12998860851709
1599;-0,142714850129657
1600;-0,156077403822852
1601;-0,167531021274163
1602;-0,180893574967358
1603;-0,189801944096155
1604;-0,201255561547466
1605;-0,215890739401918
1606;-0,227344356853228
1607;-0,243252158868938
1608;-0,256614712562133
1609;-0,26552308169093
1610;-0,280794571626011
1611;-0,290975564916065
1612;-0,302429182367375
1613;-0,316428048141199
1614;-0,329154289753766
1615;-0,34315315552759
1616;-0,35842464546267
1617;-0,367333014591467
1618;-0,381968192445919
1619;-0,394694434058487
1620;-0,40487542734854
1621;-0,418237981041736
1622;-0,429691598493046
1623;-0,441781528024985
1624;-0,458961954201951
1625;-0,469142947492005
1626;-0,482505501185201
1627;-0,493959118636511
1628;-0,506685360249078
1629;-0,518138977700389
1630;-0,528319970990442
1631;-0,541682524683638
1632;-0,553136142134949
1633;-0,569043944150657
1634;-0,580497561601968
1635;-0,59131486697265
1636;-0,604041108585217
1637;-0,616131038117156
1638;-0,627584655568466
1639;-0,640310897181033
1640;-0,651764514632344
1641;-0,664490756244911
1642;-0,679762246179991
1643;-0,68803430322816
1644;-0,702033169001984
1645;-0,713486786453295
1646;-0,724940403904605
1647;-0,737030333436544
1648;-0,748483950887854
1649;-0,759301256258537
1650;-0,772027497871104
1651;-0,784117427403042
1652;-0,79684366901561
1653;-0,80829728646692
1654;-0,819114591837602
1655;-0,831840833450169
1656;-0,842021826740223
1657;-0,853475444191534
1658;-0,865565373723473
1659;-0,876382679094155
1660;-0,88974523278735
1661;-0,898017289835519
1662;-0,910107219367458
1663;-0,922197148899397
1664;-0,930469205947565
1665;-0,944468071721388
1666;-0,952740128769557
1667;-0,965466370382125
1668;-0,97882892407532
1669;-0,989009917365374
1670;-1,00109984689731
1671;-1,01064452810674
1672;-1,02209814555805
1673;-1,03164282676747
1674;-1,04182382005753
1675;-1,05391374958947
1676;-1,06473105496015
1677;-1,07745729657272
1678;-1,08891091402403
1679;-1,09781928315282
1680;-1,10863658852351
1681;-1,12009020597482
1682;-1,12772595094236
1683;-1,13917956839367
1684;-1,14872424960309
1685;-1,15890524289315
1686;-1,1735404207476
1687;-1,18181247779577
1688;-1,19199347108582
1689;-1,2028107764565
1690;-1,21235545766593
1691;-1,22126382679473
1692;-1,23208113216541
1693;-1,24035318921358
1694;-1,25117049458426
1695;-1,26262411203557
1696;-1,27280510532562
1697;-1,2836224106963
1698;-1,29125815566384
1699;-1,3014391489539
1700;-1,31162014224395
1701;-1,31989219929212
1702;-1,32943688050155
1703;-1,33898156171097
1704;-1,34979886708165
1705;-1,35934354829108
1706;-1,36761560533925
1707;-1,37843291070993
1708;-1,38734127983873
1709;-1,39497702480627
1710;-1,40515801809632
1711;-1,41343007514449
1712;-1,42170213219266
1713;-1,43506468588585
1714;-1,44079149461151
1715;-1,45033617582093
1716;-1,4586082328691
1717;-1,46688028991727
1718;-1,47451603488481
1719;-1,48151546777172
1720;-1,48978752481989
1721;-1,49869589394869
1722;-1,50760426307749
1723;-1,51778525636754
1724;-1,5235120650932
1725;-1,53242043422199
1726;-1,54069249127016
1727;-1,5483282362377
1728;-1,55787291744713
1729;-1,56359972617278
1730;-1,57441703154346
1731;-1,582052776511
1732;-1,58777958523666
1733;-1,59668795436546
1734;-1,60305107517174
1735;-1,61132313221991
1736;-1,61895887718745
1737;-1,62595831007436
1738;-1,63295774296127
1739;-1,6425024241707
1740;-1,64632029665447
1741;-1,65713760202515
1742;-1,66350072283143
1743;-1,66986384363772
1744;-1,67813590068589
1745;-1,68195377316966
1746;-1,69086214229845
1747;-1,69722526310474
1748;-1,70295207183039
1749;-1,71249675303982
1750;-1,71822356176547
1751;-1,72458668257176
1752;-1,7322224275393
1753;-1,73604030002307
1754;-1,74113079666809
1755;-1,74940285371626
1756;-1,75385703828066
1757;-1,76340171949009
1758;-1,7659469678126
1759;-1,77549164902203
1760;-1,7793095215058
1761;-1,78503633023145
1762;-1,79139945103773
1763;-1,7952173235215
1764;-1,80348938056967
1765;-1,80794356513407
1766;-1,81367037385973
1767;-1,82066980674664
1768;-1,82257874298852
1769;-1,82957817587544
1770;-1,83530498460109
1771;-1,83975916916549
1772;-1,84548597789114
1773;-1,84866753829429
1774;-1,85503065910057
1775;-1,85821221950371
1776;-1,86139377990685
1777;-1,86839321279377
1778;-1,87157477319691
1779;-1,87602895776131
1780;-1,88175576648696
1781;-1,88239207856759
1782;-1,88875519937387
1783;-1,89448200809953
1784;-1,89766356850267
1785;-1,90211775306707
1786;-1,90466300138958
1787;-1,91038981011524
1788;-1,91229874635712
1789;-1,91675293092152
1790;-1,92120711548592
1791;-1,92247973964718
1792;-1,92820654837283
1793;-1,9320244208566
1794;-1,93329704501786
1795;-1,93775122958226
1796;-1,94029647790477
1797;-1,94347803830791
1798;-1,94665959871105
1799;-1,94793222287231
1800;-1,95238640743671
1801;-1,95747690408174
1802;-1,95747690408174
1803;-1,96129477656551
1804;-1,96256740072676
1805;-1,96702158529116
1806;-1,96829420945242
1807;-1,96893052153305
1808;-1,97274839401682
1809;-1,97402101817807
1810;-1,97720257858122
1811;-1,98038413898436
1812;-1,98038413898436
1813;-1,98292938730687
1814;-1,98420201146813
1815;-1,98547463562938
1816;-1,98738357187127
1817;-1,98865619603253
1818;-1,99056513227441
1819;-1,9924740685163
1820;-1,99183775643567
1821;-1,99501931683881
1822;-1,99374669267755
1823;-1,99629194100007
1824;-1,99565562891944
1825;-1,99820087724195
1826;-1,99883718932258
1827;-1,99883718932258
1828;-1,99947350140321
1829;-2,00010981348384
1830;-2,00010981348384
1831;-2,00201874972572
1832;-2,00201874972572
1833;-2,00201874972572
1834;-2,00265506180635
1835;-1,99947350140321
1836;-2,00329137388698
1837;-2,00265506180635
1838;-2,00265506180635
1839;-2,00010981348384
1840;-1,99947350140321
1841;-2,00138243764509
1842;-2,00010981348384
1843;-1,99820087724195
1844;-1,99947350140321
1845;-1,99692825308069
1846;-1,99629194100007
1847;-1,99629194100007
1848;-1,99438300475818
1849;-1,99565562891944
1850;-1,99311038059692
1851;-1,99183775643567
1852;-1,99120144435504
1853;-1,98929250811315
1854;-1,98929250811315
1855;-1,98611094771001
1856;-1,9835656993875
1857;-1,98292938730687
1858;-1,98038413898436
1859;-1,9791115148231
1860;-1,97656626650059
1861;-1,97529364233933
1862;-1,97338470609745
1863;-1,96829420945242
1864;-1,96702158529116
1865;-1,96511264904928
1866;-1,96256740072676
1867;-1,96320371280739
1868;-1,95747690408174
1869;-1,95493165575922
1870;-1,95302271951734
1871;-1,94856853495294
1872;-1,94665959871105
1873;-1,94220541414666
1874;-1,9409327899854
1875;-1,93711491750163
1876;-1,93329704501786
1877;-1,93138810877597
1878;-1,92820654837283
1879;-1,92438867588906
1880;-1,92184342756655
1881;-1,91611661884089
1882;-1,91357137051838
1883;-1,90848087387335
1884;-1,90402668930895
1885;-1,90148144098644
1886;-1,89639094434141
1887;-1,89448200809953
1888;-1,88811888729325
1889;-1,88557363897073
1890;-1,8804831423257
1891;-1,87666526984193
1892;-1,87348370943879
1893;-1,86839321279377
1894;-1,86457534031
1895;-1,85948484366497
1896;-1,8556669711812
1897;-1,8512127866168
1898;-1,84357704164926
1899;-1,83848654500423
1900;-1,83403236043983
1901;-1,82830555171418
1902;-1,82512399131104
1903;-1,81876087050475
1904;-1,81430668594036
1905;-1,80921618929533
1906;-1,80221675640842
1907;-1,79712625976339
1908;-1,79076313895711
1909;-1,78376370607019
1910;-1,77994583358642
1911;-1,77294640069951
1912;-1,76721959197386
1913;-1,76276540740946
1914;-1,75576597452255
1915;-1,75131178995815
1916;-1,74240342082935
1917;-1,73731292418432
1918;-1,73094980337804
1919;-1,72267774632987
1920;-1,71822356176547
1921;-1,71249675303982
1922;-1,70486100807228
1923;-1,69977051142725
1924;-1,69086214229845
1925;-1,68386270941154
1926;-1,67749958860526
1927;-1,66859121947646
1928;-1,66350072283143
1929;-1,65459235370264
1930;-1,64759292081573
1931;-1,64313873625133
1932;-1,63613930336441
1933;-1,62723093423562
1934;-1,61959518926808
1935;-1,61132313221991
1936;-1,604323699333
1937;-1,59732426644609
1938;-1,58841589731729
1939;-1,58141646443038
1940;-1,57378071946284
1941;-1,56550866241467
1942;-1,5572366053665
1943;-1,5483282362377
1944;-1,54132880335079
1945;-1,53432937046388
1946;-1,52605731341571
1947;-1,5146036959644
1948;-1,50887688723874
1949;-1,50251376643246
1950;-1,49424170938429
1951;-1,48406071609424
1952;-1,47515234696544
1953;-1,46688028991727
1954;-1,45924454494973
1955;-1,45033617582093
1956;-1,44015518253088
1957;-1,43251943756334
1958;-1,42361106843454
1959;-1,415975323467
1960;-1,40452170601569
1961;-1,3956133368869
1962;-1,38606865567747
1963;-1,3777965986293
1964;-1,3688882295005
1965;-1,35743461204919
1966;-1,35107149124291
1967;-1,34216312211411
1968;-1,33134581674343
1969;-1,32116482345338
1970;-1,31098383016332
1971;-1,30080283687327
1972;-1,29189446774447
1973;-1,28298609861568
1974;-1,27280510532562
1975;-1,26389673619683
1976;-1,25371574290677
1977;-1,24226212545546
1978;-1,23208113216541
1979;-1,2206275147141
1980;-1,21299176974656
1981;-1,20217446437587
1982;-1,19326609524708
1983;-1,18308510195702
1984;-1,17226779658634
1985;-1,16208680329629
1986;-1,15381474624812
1987;-1,13854325631304
1988;-1,12899857510361
1989;-1,11945389389419
1990;-1,10863658852351
1991;-1,09845559523345
1992;-1,08763828986277
1993;-1,07682098449209
1994;-1,06663999120203
1995;-1,05200481334758
1996;-1,04373275629941
1997;-1,0322791388481
1998;-1,02146183347742
1999;-1,01128084018737
2000;-0,997918286494171
2001;-0,989646229446002
2002;-0,980101548236577
2003;-0,967375306624009
2004;-0,953376440850186
2005;-0,944468071721388
2006;-0,934287078431336
2007;-0,924106085141282
2008;-0,913288779770599
2009;-0,899926226077404
2010;-0,891654169029235
2011;-0,87829161533604
2012;-0,866201685804101
2013;-0,853475444191534
2014;-0,840112890498338
2015;-0,832477145530798
2016;-0,819750903918231
2017;-0,807660974386292
2018;-0,797479981096238
2019;-0,784753739483671
2020;-0,775845370354874
2021;-0,763119128742306
2022;-0,747847638807226
2023;-0,738302957597801
2024;-0,726213028065862
2025;-0,713486786453295
2026;-0,701396856921356
2027;-0,691215863631302
2028;-0,679125934099363
2029;-0,668944940809309
2030;-0,654946075035485
2031;-0,639038273019777
2032;-0,628220967649095
2033;-0,616767350197784
2034;-0,60276848442396
2035;-0,592587491133907
2036;-0,580497561601968
2037;-0,570316568311914
2038;-0,558226638779975
2039;-0,54486408508678
2040;-0,529592595151699
2041;-0,516866353539132
2042;-0,507321672329707
2043;-0,493959118636511
2044;-0,481869189104572
2045;-0,470415571653262
2046;-0,457053017960066
2047;-0,446235712589384
2048;-0,430327910573675
2049;-0,416965356880479
2050;-0,406148051509797
2051;-0,39342180989723
2052;-0,382604504526548
2053;-0,367969326672096
2054;-0,356515709220785
2055;-0,344425779688846
2056;-0,331063225995651
2057;-0,317064360221827
2058;-0,303065494448004
2059;-0,291611876996693
2060;-0,280158259545383
2061;-0,266795705852187
2062;-0,254705776320248
2063;-0,241979534707681
2064;-0,233707477659512
2065;-0,220981236046945
2066;-0,206982370273121
2067;-0,195528752821811
2068;-0,180893574967358
2069;-0,169439957516047
2070;-0,155441091742224
2071;-0,143987474290913
2072;-0,131261232678346
2073;-0,117262366904522
2074;-0,107081373614469
2075;-0,0892646353568747
2076;-0,0790836420668208
2077;-0,0644484642123686
2078;-0,0529948467610586
2079;-0,0415412293097477
2080;-0,0262697393746674
2081;-0,0154524340039854
2082;-0,00272619239141747
2083;0,0100000492211496
2084;0,0246352270756018
2085;0,037997780768797
2086;0,0488150861394789
2087;0,0634502639939312
2088;0,074267569364614
2089;0,0876301230578092
2090;0,0997200525897481
2091;0,111809982121687
2092;0,12580884789551
2093;0,141080337830592
2094;0,154442891523787
2095;0,164623884813841
2096;0,179895374748921
2097;0,190712680119603
2098;0,202802609651542
2099;0,216165163344738
2100;0,228255092876676
2101;0,240981334489244
2102;0,255616512343696
2103;0,268342753956263
2104;0,280432683488201
2105;0,291249988858884
2106;0,307157790874593
2107;0,317338784164646
2108;0,331337649938471
2109;0,344063891551038
2110;0,359335381486118
2111;0,372061623098685
2112;0,384151552630624
2113;0,394332545920678
2114;0,40896772377513
2115;0,419148717065184
2116;0,432511270758379
2117;0,445237512370947
2118;0,458600066064142
2119;0,472598931837966
2120;0,484052549289276
2121;0,496142478821215
2122;0,503778223788756
2123;0,519049713723836
2124;0,531139643255775
2125;0,541956948626457
2126;0,555319502319652
2127;0,566773119770963
2128;0,580771985544787
2129;0,593498227157355
2130;0,603679220447408
2131;0,618950710382489
2132;0,629131703672543
2133;0,64185794528511
2134;0,65331156273642
2135;0,664765180187731
2136;0,678764045961555
2137;0,693399223816007
2138;0,703580217106061
2139;0,715670146637999
2140;0,728396388250566
2141;0,740486317782505
2142;0,749394686911303
2143;0,763393552685126
2144;0,774847170136437
2145;0,785664475507119
2146;0,801572277522828
2147;0,811753270812881
2148;0,824479512425449
2149;0,835296817796131
2150;0,849295683569955
2151;0,859476676860008
2152;0,869657670150062
2153;0,882383911762629
2154;0,891928592972055
2155;0,907200082907135
2156;0,919290012439074
2157;0,929471005729128
2158;0,942833559422323
2159;0,952378240631749
2160;0,963195546002431
2161;0,974649163453742
2162;0,984830156743795
2163;1,00010164667888
2164;1,01091895204956
2165;1,02046363325898
2166;1,03191725071029
2167;1,04209824400035
2168;1,05418817353229
2169;1,0656417909836
2170;1,07518647219302
2171;1,08664008964433
2172;1,09809370709564
2173;1,11081994870821
2174;1,11972831783701
2175;1,13245455944957
2176;1,14263555273963
2177;1,15154392186843
2178;1,16363385140036
2179;1,16999697220665
2180;1,18081427757733
2181;1,1935405191899
2182;1,20435782456058
2183;1,21644775409252
2184;1,22408349906006
2185;1,23553711651137
2186;1,24380917355954
2187;1,25462647893022
2188;1,26608009638153
2189;1,2743521534297
2190;1,28898733128415
2191;1,29725938833232
2192;1,308076693703
2193;1,31762137491243
2194;1,32652974404122
2195;1,33671073733128
2196;1,34561910646007
2197;1,35643641183076
2198;1,36598109304018
2199;1,37679839841086
2200;1,38570676753966
2201;1,39461513666846
2202;1,40543244203914
2203;1,41370449908731
2204;1,42388549237736
2205;1,43343017358679
2206;1,44233854271558
2207;1,45251953600564
2208;1,46206421721506
2209;1,47288152258575
2210;1,48115357963392
2211;1,48815301252083
2212;1,49833400581088
2213;1,50596975077842
2214;1,5167870561491
2215;1,52251386487476
2216;1,5346037944067
2217;1,54351216353549
2218;1,55178422058366
2219;1,56069258971246
2220;1,56705571051874
2221;1,57596407964754
2222;1,58550876085697
2223;1,59059925750199
2224;1,6020528749533
2225;1,61159755616273
2226;1,61796067696901
2227;1,62877798233969
2228;1,63386847898472
2229;1,64277684811352
2230;1,64977628100043
2231;1,65741202596797
2232;1,66568408301614
2233;1,67268351590305
2234;1,68222819711248
2235;1,6873186937575
2236;1,6962270628863
2237;1,70195387161196
2238;1,7095896165795
2239;1,71786167362766
2240;1,72231585819206
2241;1,73058791524023
2242;1,73758734812714
2243;1,74585940517531
2244;1,7522225259816
2245;1,75858564678788
2246;1,76622139175542
2247;1,7725845125617
2248;1,77958394544862
2249;1,78531075417427
2250;1,79103756289993
2251;1,79930961994809
2252;1,80694536491563
2253;1,81203586156066
2254;1,81903529444757
2255;1,82476210317323
2256;1,83112522397951
2257;1,83621572062454
2258;1,84257884143082
2259;1,84957827431773
2260;1,85403245888213
2261;1,86294082801093
2262;1,86612238841407
2263;1,87248550922036
2264;1,87821231794601
2265;1,88393912667167
2266;1,88775699915544
2267;1,89284749580046
2268;1,89984692868738
2269;1,90366480117115
2270;1,91066423405806
2271;1,91448210654183
2272;1,91957260318685
2273;1,92593572399314
2274;1,92848097231565
2275;1,93357146896068
2276;1,9386619656057
2277;1,94184352600885
2278;1,95075189513764
2279;1,95138820721827
2280;1,95838764010518
2281;1,96156920050833
2282;1,96665969715335
2283;1,97175019379838
2284;1,97302281795964
2285;1,97938593876592
2286;1,98193118708843
2287;1,98702168373346
2288;1,9902032441366
2289;1,99274849245912
2290;1,9991116132654
2291;2,00038423742666
2292;2,0035657978298
2293;2,0080199823942
2294;2,01056523071671
2295;2,01438310320048
2296;2,01692835152299
2297;2,02010991192613
2298;2,02265516024865
2299;2,02647303273242
2300;2,0283819689743
2301;2,03029090521619
2302;2,03538140186122
2303;2,03538140186122
2304;2,03856296226436
2305;2,04238083474813
2306;2,04365345890938
2307;2,04556239515127
2308;2,04747133139315
2309;2,0506528917963
2310;2,0506528917963
2311;2,05447076428007
2312;2,05701601260258
2313;2,05765232468321
2314;2,06083388508635
2315;2,05956126092509
2316;2,06274282132823
2317;2,06465175757012
2318;2,06465175757012
2319;2,06910594213452
2320;2,06656069381201
2321;2,06910594213452
2322;2,0710148783764
2323;2,07228750253766
2324;2,07356012669892
2325;2,07228750253766
2326;2,0754690629408
2327;2,07419643877954
2328;2,07610537502143
2329;2,0754690629408
2330;2,07674168710206
2331;2,07610537502143
2332;2,07801431126332
2333;2,07865062334394
2334;2,07674168710206
2335;2,07801431126332
2336;2,07674168710206
2337;2,07737799918269
2338;2,07865062334394
2339;2,0754690629408
2340;2,07737799918269
2341;2,07674168710206
2342;2,0754690629408
2343;2,07419643877954
2344;2,07419643877954
2345;2,0754690629408
2346;2,07228750253766
2347;2,07292381461829
2348;2,0710148783764
2349;2,06910594213452
2350;2,06910594213452
2351;2,06592438173138
2352;2,06656069381201
2353;2,06465175757012
2354;2,06274282132823
2355;2,06147019716698
2356;2,06083388508635
2357;2,05828863676384
2358;2,05765232468321
2359;2,05574338844132
2360;2,05192551595755
2361;2,05128920387692
2362;2,04874395555441
2363;2,0461987072319
2364;2,04365345890938
2365;2,04110821058687
2366;2,04047189850624
2367;2,03601771394184
2368;2,03538140186122
2369;2,03092721729682
2370;2,0283819689743
2371;2,02583672065179
2372;2,0239277844099
2373;2,01947359984551
2374;2,01565572736174
2375;2,01438310320048
2376;2,00992891863608
2377;2,00674735823294
2378;2,0035657978298
2379;1,99974792534603
2380;1,99783898910414
2381;1,99402111662037
2382;1,99083955621723
2383;1,98638537165283
2384;1,98193118708843
2385;1,97811331460466
2386;1,97365913004026
2387;1,97238650587901
2388;1,96602338507272
2389;1,96284182466958
2390;1,9564787038633
2391;1,95456976762141
2392;1,94884295889576
2393;1,94184352600885
2394;1,93802565352508
2395;1,93357146896068
2396;1,93102622063816
2397;1,92402678775125
2398;1,92020891526748
2399;1,91511841862246
2400;1,90875529781617
2401;1,90621004949366
2402;1,89857430452612
2403;1,89348380788109
2404;1,88775699915544
2405;1,88266650251041
2406;1,87948494210727
2407;1,8712128850591
2408;1,86739501257533
2409;1,86294082801093
2410;1,85657770720465
2411;1,85021458639836
2412;1,84385146559208
2413;1,83812465686642
2414;1,83367047230203
2415;1,82539841525386
2416;1,82030791860883
2417;1,81458110988318
2418;1,80694536491563
2419;1,80249118035124
2420;1,79421912330307
2421;1,78785600249678
2422;1,78212919377113
2423;1,77449344880359
2424;1,76813032799731
2425;1,76113089511039
2426;1,75285883806222
2427;1,74840465349783
2428;1,74013259644966
2429;1,73186053940149
2430;1,72486110651458
2431;1,71786167362766
2432;1,71213486490201
2433;1,70195387161196
2434;1,69686337496693
2435;1,68795500583813
2436;1,68031926087059
2437;1,67331982798368
2438;1,66504777093551
2439;1,65741202596797
2440;1,65041259308106
2441;1,64150422395226
2442;1,63514110314598
2443;1,62686904609781
2444;1,61859698904964
2445;1,61159755616273
2446;1,60078025079205
2447;1,59314450582451
2448;1,58550876085697
2449;1,57596407964754
2450;1,56960095884126
2451;1,5594199655512
2452;1,55114790850303
2453;1,54542109977738
2454;1,53333117024544
2455;1,52315017695539
2456;1,51615074406847
2457;1,50533343869779
2458;1,49897031789151
2459;1,48878932460145
2460;1,47988095547266
2461;1,47224521050512
2462;1,46142790513444
2463;1,4537921601669
2464;1,44170223063496
2465;1,43279386150616
2466;1,42388549237736
2467;1,41752237157108
2468;1,40734137828102
2469;1,39843300915223
2470;1,38825201586217
2471;1,38188889505589
2472;1,36979896552395
2473;1,3596179722339
2474;1,35007329102447
2475;1,33925598565379
2476;1,33098392860562
2477;1,31953031115431
2478;1,31062194202551
2479;1,30044094873546
2480;1,28898733128415
2481;1,28071527423598
2482;1,26735272054279
2483;1,25717172725273
2484;1,24762704604331
2485;1,23680974067263
2486;1,22790137154383
2487;1,21772037825377
2488;1,20690307288309
2489;1,19735839167367
2490;1,18335952589984
2491;1,17445115677105
2492;1,16236122723911
2493;1,15218023394905
2494;1,14136292857837
2495;1,13054562320769
2496;1,12163725407889
2497;1,10954732454695
2498;1,10063895541816
2499;1,08664008964433
2500;1,07582278427365
2501;1,0656417909836
2502;1,05546079769354
2503;1,04273455608098
2504;1,03191725071029
2505;1,02046363325898
2506;1,0096463278883
2507;0,998829022517619
2508;0,986102780905052
2509;0,971467603050599
2510;0,964468170163688
2511;0,951105616470492
2512;0,94028831109981
2513;0,930107317809756
2514;0,918017388277817
2515;0,907836394987764
2516;0,89383752921394
2517;0,881747599682001
2518;0,868385045988806
2519;0,859476676860008
2520;0,84738674732807
2521;0,835933129876759
2522;0,824479512425449
2523;0,811753270812881
2524;0,801572277522828
2525;0,791391284232774
2526;0,778665042620207
2527;0,765302488927011
2528;0,755757807717586
2529;0,741758941943762
2530;0,73094163657308
2531;0,719488019121769
2532;0,705489153347945
2533;0,696580784219148
2534;0,683218230525953
2535;0,669219364752129
2536;0,65712943522019
2537;0,645039505688251
2538;0,633585888236941
2539;0,620223334543746
2540;0,609406029173063
2541;0,596679787560496
2542;0,583953545947929
2543;0,56804574393222
2544;0,558501062722795
2545;0,545774821110228
2546;0,534957515739546
2547;0,52159496204635
2548;0,508868720433783
2549;0,496778790901844
2550;0,484688861369905
2551;0,471962619757337
2552;0,457327441902885
2553;0,445873824451575
2554;0,431874958677751
2555;0,420421341226441
2556;0,408331411694502
2557;0,396877794243191
2558;0,382878928469368
2559;0,370788998937429
2560;0,359335381486118
2561;0,342154955309153
2562;0,331337649938471
2563;0,318611408325904
2564;0,305885166713336
2565;0,293795237181397
2566;0,279796371407573
2567;0,268342753956263
2568;0,254343888182439
2569;0,243526582811757
2570;0,228255092876676
2571;0,215528851264109
2572;0,203438921732171
2573;0,191348992200232
2574;0,177986438507036
2575;0,163987572733213
2576;0,155079203604415
2577;0,14171664991122
2578;0,128990408298653
2579;0,111809982121687
2580;0,0997200525897481
2581;0,0882664351384372
2582;0,0780854418483834
2583;0,0679044485583296
2584;0,0532692707038773
2585;0,0405430290913102
2586;0,0297257237206283
2587;0,0150905458661761
2588;0,000455368011723856
2589;-0,0141798098427284
2590;-0,0249971152134103
2591;-0,0364507326647212
2592;-0,0498132863579164
2593;-0,0612669038092273
2594;-0,0752657695830505
2595;-0,0860830749537325
2596;-0,10262718905007
2597;-0,114717118582009
2598;-0,129352296436461
2599;-0,138260665565258
2600;-0,152895843419711
2601;-0,166894709193534
2602;-0,175803078322332
2603;-0,191074568257412
2604;-0,202528185708722
2605;-0,217163363563174
2606;-0,231798541417627
2607;-0,241343222627052
2608;-0,257251024642762
2609;-0,266795705852187
2610;-0,281430883706639
2611;-0,292248189077321
2612;-0,305610742770517
2613;-0,317064360221827
2614;-0,333608474318164
2615;-0,346334715930731
2616;-0,356515709220785
2617;-0,369878262913981
2618;-0,381968192445919
2619;-0,394058121977858
2620;-0,406148051509797
2621;-0,417601668961108
2622;-0,430964222654303
2623;-0,443054152186242
2624;-0,458961954201951
2625;-0,469779259572634
2626;-0,482505501185201
2627;-0,495868054878396
2628;-0,50604904816845
2629;-0,518138977700389
2630;-0,529592595151699
2631;-0,542955148844895
2632;-0,556954014618718
2633;-0,569043944150657
2634;-0,581770185763224
2635;-0,59131486697265
2636;-0,60658635690773
2637;-0,614858413955899
2638;-0,629493591810351
2639;-0,639038273019777
2640;-0,649855578390459
2641;-0,665127068325539
2642;-0,674035437454337
2643;-0,68803430322816
2644;-0,697578984437586
2645;-0,712850474372666
2646;-0,721758843501464
2647;-0,733212460952774
2648;-0,747211326726598
2649;-0,75802863209728
2650;-0,772027497871104
2651;-0,784117427403042
2652;-0,793662108612468
2653;-0,805752038144407
2654;-0,816569343515089
2655;-0,829931897208284
2656;-0,83947657841771
2657;-0,850930195869021
2658;-0,864292749562216
2659;-0,876382679094155
2660;-0,887199984464837
2661;-0,898653601916147
2662;-0,910107219367458
2663;-0,920924524738139
2664;-0,933014454270078
2665;-0,942559135479504
2666;-0,955285377092071
2667;-0,967375306624009
2668;-0,979465236155948
2669;-0,989009917365374
2670;-0,999827222736056
2671;-1,01128084018737
2672;-1,02082552139679
2673;-1,03355176300936
2674;-1,04182382005753
2675;-1,05455006167009
2676;-1,06727630328266
2677;-1,07745729657272
2678;-1,0882746019434
2679;-1,09781928315282
2680;-1,10990921268476
2681;-1,11818126973293
2682;-1,12963488718424
2683;-1,13981588047429
2684;-1,14872424960309
2685;-1,16208680329629
2686;-1,17290410866697
2687;-1,1824487898764
2688;-1,19135715900519
2689;-1,2028107764565
2690;-1,21108283350467
2691;-1,22190013887535
2692;-1,23080850800415
2693;-1,24162581337483
2694;-1,2543520549874
2695;-1,26135148787431
2696;-1,27344141740625
2697;-1,28044085029316
2698;-1,28934921942196
2699;-1,29825758855076
